<?xml version="1.0" encoding="UTF-8"?>
<beans:beans xmlns="http://www.springframework.org/schema/mvc"
	xmlns:xsi="http://www.w3.org/2001/XMLSchema-instance"
	xmlns:beans="http://www.springframework.org/schema/beans"
	xmlns:context="http://www.springframework.org/schema/context"
	xsi:schemaLocation="http://www.springframework.org/schema/mvc http://www.springframework.org/schema/mvc/spring-mvc.xsd
		http://www.springframework.org/schema/beans http://www.springframework.org/schema/beans/spring-beans.xsd
		http://www.springframework.org/schema/context http://www.springframework.org/schema/context/spring-context.xsd">

	<!-- DispatcherServlet Context: defines this servlet's request-processing infrastructure -->
	
	<!-- Enables the Spring MVC @Controller programming model -->
	<annotation-driven />

	<!-- Handles HTTP GET requests for /resources/** by efficiently serving up static resources in the ${webappRoot}/resources directory -->
	<resources mapping="/resources/**" location="/resources/" />

	<!-- Resolves views selected for rendering by @Controllers to .jsp resources in the /WEB-INF/views directory -->
	<beans:bean class="org.springframework.web.servlet.view.InternalResourceViewResolver">
		<beans:property name="prefix" value="/WEB-INF/views/" />
		<beans:property name="suffix" value=".jsp" />
	</beans:bean>
	
	
	
<!-- upload 10M로 제한 -->
	<beans:bean id="multipartResolver" class="org.springframework.web.multipart.commons.CommonsMultipartResolver">
		<beans:property name="maxUploadSize" value="10485760"></beans:property>	
	</beans:bean>
<!-- upload 10M로 제한 -->	


<!-- upload 경로 등록 -->
	<beans:bean id="uploadPath" class="java.lang.String">
		<beans:constructor-arg value="c:/zzz/upload"></beans:constructor-arg>
	</beans:bean>
<!-- upload 경로 등록 -->

<beans:bean id="loginInterceptor" class="com.mycompany.interceptor.LoginInterceptor" />
	<beans:bean id="authInterceptor" class="com.mycompany.interceptor.AuthInterceptor" />
		<interceptors>
	
		<interceptor>
			<mapping path="/user/loginPost"/>
			<beans:ref bean="loginInterceptor"/>
		</interceptor>
	
		<interceptor>
			<mapping path="/sboard/register"/>
			<mapping path="/sboard/modify"/>
			<mapping path="/sboard/remove"/>
			<beans:ref bean="authInterceptor"/>
		</interceptor>
	</interceptors> 
	
	<context:component-scan base-package="com.mycompany.controller" />
	
	
	
</beans:beans>
